# For each clip length in mel frames (1 + samples / 160), the <|audio_pad|> placeholders
# mlx-audio-swift's Qwen3-ASR prompt gets and the rows its audio encoder makes, which
# replace the placeholders from the first. Columns: frames, placeholders, encoder rows.
# Written by make golden; do not edit.
101	14	14
102	14	14
103	14	14
104	14	14
105	14	14
106	14	14
107	14	14
108	15	15
109	16	16
110	16	16
111	16	16
112	16	16
113	16	16
114	16	16
115	16	16
116	17	17
117	18	18
118	18	18
119	18	18
120	18	18
121	18	18
122	18	18
123	18	18
124	19	19
125	20	20
126	20	20
127	20	20
128	20	20
129	20	20
130	20	20
131	21	21
132	21	21
133	22	22
134	22	22
135	22	22
136	22	22
137	22	22
138	22	22
139	23	23
140	23	23
141	24	24
142	24	24
143	24	24
144	24	24
145	24	24
146	24	24
147	25	25
148	25	25
149	26	26
150	26	26
151	26	26
152	26	26
153	26	26
154	27	26
155	27	26
156	27	26
157	28	26
158	28	26
159	28	26
160	28	26
161	28	26
162	29	26
163	29	26
164	29	26
165	30	26
166	30	26
167	30	26
168	30	26
169	30	26
170	31	26
171	31	26
172	31	26
173	32	26
174	32	26
175	32	26
176	32	26
177	33	26
178	33	26
179	33	26
180	33	26
181	34	26
182	34	26
183	34	26
184	34	26
185	35	26
186	35	26
187	35	26
188	35	26
189	36	26
190	36	26
191	36	26
192	36	26
193	37	26
194	37	26
195	37	26
196	37	26
197	38	26
198	38	26
199	38	26
200	26	26
201	27	27
202	27	27
203	27	27
204	27	27
205	27	27
206	27	27
207	27	27
208	28	28
209	29	29
210	29	29
211	29	29
212	29	29
213	29	29
214	29	29
215	29	29
216	30	30
217	31	31
218	31	31
219	31	31
220	31	31
221	31	31
222	31	31
223	31	31
224	32	32
225	33	33
226	33	33
227	33	33
228	33	33
229	33	33
230	33	33
231	34	34
232	34	34
233	35	35
234	35	35
235	35	35
236	35	35
237	35	35
238	35	35
239	36	36
240	36	36
241	37	37
242	37	37
243	37	37
244	37	37
245	37	37
246	37	37
247	38	38
248	38	38
249	39	39
250	39	39
251	39	39
252	39	39
253	39	39
254	40	39
255	40	39
256	40	39
257	41	39
258	41	39
259	41	39
260	41	39
261	41	39
262	42	39
263	42	39
264	42	39
265	43	39
266	43	39
267	43	39
268	43	39
269	43	39
270	44	39
271	44	39
272	44	39
273	45	39
274	45	39
275	45	39
276	45	39
277	46	39
278	46	39
279	46	39
280	46	39
281	47	39
282	47	39
283	47	39
284	47	39
285	48	39
286	48	39
287	48	39
288	48	39
289	49	39
290	49	39
291	49	39
292	49	39
293	50	39
294	50	39
295	50	39
296	50	39
297	51	39
298	51	39
299	51	39
300	39	39
301	40	40
302	40	40
303	40	40
304	40	40
305	40	40
306	40	40
307	40	40
308	41	41
309	42	42
310	42	42
311	42	42
312	42	42
313	42	42
314	42	42
315	42	42
316	43	43
317	44	44
318	44	44
319	44	44
320	44	44
321	44	44
322	44	44
323	44	44
324	45	45
325	46	46
326	46	46
327	46	46
328	46	46
329	46	46
330	46	46
331	47	47
332	47	47
333	48	48
334	48	48
335	48	48
336	48	48
337	48	48
338	48	48
339	49	49
340	49	49
341	50	50
342	50	50
343	50	50
344	50	50
345	50	50
346	50	50
347	51	51
348	51	51
349	52	52
350	52	52
351	52	52
352	52	52
353	52	52
354	53	52
355	53	52
356	53	52
357	54	52
358	54	52
359	54	52
360	54	52
361	54	52
362	55	52
363	55	52
364	55	52
365	56	52
366	56	52
367	56	52
368	56	52
369	56	52
370	57	52
371	57	52
372	57	52
373	58	52
374	58	52
375	58	52
376	58	52
377	59	52
378	59	52
379	59	52
380	59	52
381	60	52
382	60	52
383	60	52
384	60	52
385	61	52
386	61	52
387	61	52
388	61	52
389	62	52
390	62	52
391	62	52
392	62	52
393	63	52
394	63	52
395	63	52
396	63	52
397	64	52
398	64	52
399	64	52
400	52	52
401	53	53
402	53	53
403	53	53
404	53	53
405	53	53
406	53	53
407	53	53
408	54	54
409	55	55
410	55	55
411	55	55
412	55	55
413	55	55
414	55	55
415	55	55
416	56	56
417	57	57
418	57	57
419	57	57
420	57	57
421	57	57
422	57	57
423	57	57
424	58	58
425	59	59
426	59	59
427	59	59
428	59	59
429	59	59
430	59	59
431	60	60
432	60	60
433	61	61
434	61	61
435	61	61
436	61	61
437	61	61
438	61	61
439	62	62
440	62	62
441	63	63
442	63	63
443	63	63
444	63	63
445	63	63
446	63	63
447	64	64
448	64	64
449	65	65
450	65	65
451	65	65
452	65	65
453	65	65
454	66	65
455	66	65
456	66	65
457	67	65
458	67	65
459	67	65
460	67	65
461	67	65
462	68	65
463	68	65
464	68	65
465	69	65
466	69	65
467	69	65
468	69	65
469	69	65
470	70	65
471	70	65
472	70	65
473	71	65
474	71	65
475	71	65
476	71	65
477	72	65
478	72	65
479	72	65
480	72	65
481	73	65
482	73	65
483	73	65
484	73	65
485	74	65
486	74	65
487	74	65
488	74	65
489	75	65
490	75	65
491	75	65
492	75	65
493	76	65
494	76	65
495	76	65
496	76	65
497	77	65
498	77	65
499	77	65
500	65	65
501	66	66
502	66	66
503	66	66
504	66	66
505	66	66
506	66	66
507	66	66
508	67	67
509	68	68
510	68	68
511	68	68
512	68	68
513	68	68
514	68	68
515	68	68
516	69	69
517	70	70
518	70	70
519	70	70
520	70	70
521	70	70
522	70	70
523	70	70
524	71	71
525	72	72
526	72	72
527	72	72
528	72	72
529	72	72
530	72	72
531	73	73
532	73	73
533	74	74
534	74	74
535	74	74
536	74	74
537	74	74
538	74	74
539	75	75
540	75	75
541	76	76
542	76	76
543	76	76
544	76	76
545	76	76
546	76	76
547	77	77
548	77	77
549	78	78
550	78	78
551	78	78
552	78	78
553	78	78
554	79	78
555	79	78
556	79	78
557	80	78
558	80	78
559	80	78
560	80	78
561	80	78
562	81	78
563	81	78
564	81	78
565	82	78
566	82	78
567	82	78
568	82	78
569	82	78
570	83	78
571	83	78
572	83	78
573	84	78
574	84	78
575	84	78
576	84	78
577	85	78
578	85	78
579	85	78
580	85	78
581	86	78
582	86	78
583	86	78
584	86	78
585	87	78
586	87	78
587	87	78
588	87	78
589	88	78
590	88	78
591	88	78
592	88	78
593	89	78
594	89	78
595	89	78
596	89	78
597	90	78
598	90	78
599	90	78
600	78	78
601	79	79
602	79	79
603	79	79
604	79	79
605	79	79
606	79	79
607	79	79
608	80	80
609	81	81
610	81	81
611	81	81
612	81	81
613	81	81
614	81	81
615	81	81
616	82	82
617	83	83
618	83	83
619	83	83
620	83	83
621	83	83
622	83	83
623	83	83
624	84	84
625	85	85
626	85	85
627	85	85
628	85	85
629	85	85
630	85	85
631	86	86
632	86	86
633	87	87
634	87	87
635	87	87
636	87	87
637	87	87
638	87	87
639	88	88
640	88	88
641	89	89
642	89	89
643	89	89
644	89	89
645	89	89
646	89	89
647	90	90
648	90	90
649	91	91
650	91	91
651	91	91
652	91	91
653	91	91
654	92	91
655	92	91
656	92	91
657	93	91
658	93	91
659	93	91
660	93	91
661	93	91
662	94	91
663	94	91
664	94	91
665	95	91
666	95	91
667	95	91
668	95	91
669	95	91
670	96	91
671	96	91
672	96	91
673	97	91
674	97	91
675	97	91
676	97	91
677	98	91
678	98	91
679	98	91
680	98	91
681	99	91
682	99	91
683	99	91
684	99	91
685	100	91
686	100	91
687	100	91
688	100	91
689	101	91
690	101	91
691	101	91
692	101	91
693	102	91
694	102	91
695	102	91
696	102	91
697	103	91
698	103	91
699	103	91
700	91	91
701	92	92
702	92	92
703	92	92
704	92	92
705	92	92
706	92	92
707	92	92
708	93	93
709	94	94
710	94	94
711	94	94
712	94	94
713	94	94
714	94	94
715	94	94
716	95	95
717	96	96
718	96	96
719	96	96
720	96	96
721	96	96
722	96	96
723	96	96
724	97	97
725	98	98
726	98	98
727	98	98
728	98	98
729	98	98
730	98	98
731	99	99
732	99	99
733	100	100
734	100	100
735	100	100
736	100	100
737	100	100
738	100	100
739	101	101
740	101	101
741	102	102
742	102	102
743	102	102
744	102	102
745	102	102
746	102	102
747	103	103
748	103	103
749	104	104
750	104	104
751	104	104
752	104	104
753	104	104
754	105	104
755	105	104
756	105	104
757	106	104
758	106	104
759	106	104
760	106	104
761	106	104
762	107	104
763	107	104
764	107	104
765	108	104
766	108	104
767	108	104
768	108	104
769	108	104
770	109	104
771	109	104
772	109	104
773	110	104
774	110	104
775	110	104
776	110	104
777	111	104
778	111	104
779	111	104
780	111	104
781	112	104
782	112	104
783	112	104
784	112	104
785	113	104
786	113	104
787	113	104
788	113	104
789	114	104
790	114	104
791	114	104
792	114	104
793	115	104
794	115	104
795	115	104
796	115	104
797	116	104
798	116	104
799	116	104
800	104	104
801	105	105
802	105	105
803	105	105
804	105	105
805	105	105
806	105	105
807	105	105
808	106	106
809	107	107
810	107	107
811	107	107
812	107	107
813	107	107
814	107	107
815	107	107
816	108	108
817	109	109
818	109	109
819	109	109
820	109	109
821	109	109
822	109	109
823	109	109
824	110	110
825	111	111
826	111	111
827	111	111
828	111	111
829	111	111
830	111	111
831	112	112
832	112	112
833	113	113
834	113	113
835	113	113
836	113	113
837	113	113
838	113	113
839	114	114
840	114	114
841	115	115
842	115	115
843	115	115
844	115	115
845	115	115
846	115	115
847	116	116
848	116	116
849	117	117
850	117	117
851	117	117
852	117	117
853	117	117
854	118	117
855	118	117
856	118	117
857	119	117
858	119	117
859	119	117
860	119	117
861	119	117
862	120	117
863	120	117
864	120	117
865	121	117
866	121	117
867	121	117
868	121	117
869	121	117
870	122	117
871	122	117
872	122	117
873	123	117
874	123	117
875	123	117
876	123	117
877	124	117
878	124	117
879	124	117
880	124	117
881	125	117
882	125	117
883	125	117
884	125	117
885	126	117
886	126	117
887	126	117
888	126	117
889	127	117
890	127	117
891	127	117
892	127	117
893	128	117
894	128	117
895	128	117
896	128	117
897	129	117
898	129	117
899	129	117
900	117	117
901	118	118
902	118	118
903	118	118
904	118	118
905	118	118
906	118	118
907	118	118
908	119	119
909	120	120
910	120	120
911	120	120
912	120	120
913	120	120
914	120	120
915	120	120
916	121	121
917	122	122
918	122	122
919	122	122
920	122	122
921	122	122
922	122	122
923	122	122
924	123	123
925	124	124
926	124	124
927	124	124
928	124	124
929	124	124
930	124	124
931	125	125
932	125	125
933	126	126
934	126	126
935	126	126
936	126	126
937	126	126
938	126	126
939	127	127
940	127	127
941	128	128
942	128	128
943	128	128
944	128	128
945	128	128
946	128	128
947	129	129
948	129	129
949	130	130
950	130	130
951	130	130
952	130	130
953	130	130
954	131	130
955	131	130
956	131	130
957	132	130
958	132	130
959	132	130
960	132	130
961	132	130
962	133	130
963	133	130
964	133	130
965	134	130
966	134	130
967	134	130
968	134	130
969	134	130
970	135	130
971	135	130
972	135	130
973	136	130
974	136	130
975	136	130
976	136	130
977	137	130
978	137	130
979	137	130
980	137	130
981	138	130
982	138	130
983	138	130
984	138	130
985	139	130
986	139	130
987	139	130
988	139	130
989	140	130
990	140	130
991	140	130
992	140	130
993	141	130
994	141	130
995	141	130
996	141	130
997	142	130
998	142	130
999	142	130
1000	130	130
